{"cameraMode":{"drawMode":0,"name":"Shaded","section":"Shading Mode"},"sceneLighting":true,"audioPlay":false,"sceneViewState":{"m_AlwaysRefresh":false,"showFog":true,"showSkybox":true,"showFlares":true,"showImageEffects":true,"showParticleSystems":true,"showVisualEffectGraphs":true,"m_FxEnabled":true},"in2DMode":false,"pivot":{"x":0.05818486213684082,"y":4.143692493438721,"z":-0.4794597625732422},"rotation":{"x":-0.32777920365333559,"y":0.13959239423274995,"z":-0.04903421550989151,"w":-0.933112382888794},"size":2.8839609622955324,"orthographic":false}